Código del evento,Tipo de evento,Nombre del evento,Nombre anfitriones,Fecha evento,Hora evento,Fecha límite confirmación,Lugar nombre,Dirección,Link ubicación,Ceremonia lugar,Ceremonia hora,WhatsApp contacto,Link lista invitados,Historia,Programa,Dress code,Regalos,Alojamiento,Foto portada,Fotos,FAQ,Color acento
demo-matrimonio,matrimonio,Matrimonio de Camila y Diego,Camila & Diego,2026-12-12,17:30,2026-11-20,Viña Santa Elena,"Camino Lo Ovalle s/n, Casablanca, Valparaíso","https://maps.google.com/?q=Casablanca,+Valpara%C3%ADso",Capilla de la viña,17:30,+56 9 0000 0000,https://invitia.cl/lista/demo-matrimonio,"Nos conocimos un martes cualquiera de 2018, en la fila de un café en Providencia que ninguno de los dos frecuentaba. Ocho años, dos mudanzas, un perro llamado Tomás y un viaje a la Patagonia después, queremos celebrarlo rodeados de la gente que estuvo en todo eso. Nos encantaría que fueras parte de ese día.","17:30 | Ceremonia religiosa en la capilla
18:30 | Cóctel de bienvenida entre los viñedos
20:00 | Cena servida
22:00 | Primer baile
22:30 | Fiesta
02:00 | Tornaboda","Formal de jardín. La ceremonia y el cóctel son al aire libre sobre pasto y tierra, así que recomendamos tacón ancho o zapato bajo. La temperatura baja bastante después de las 21:00: conviene traer algo de abrigo.","Su presencia es lo que de verdad nos importa. Si además quieren regalarnos algo, estamos juntando para nuestra luna de miel en el sur: Cuenta Corriente Banco de Chile 000-000-0000, Camila Rodríguez, RUT 11.111.111-1, camila@ejemplo.cl","Tenemos convenio con el Hotel Casablanca (10 minutos de la viña) mencionando ""Matrimonio Camila y Diego"". También habrá transporte de ida y vuelta desde Santiago: salida 15:30 desde Metro Manquehue y regreso a las 02:30. Los cupos del bus se reservan al confirmar asistencia.",https://images.unsplash.com/photo-1519741497674-611481863552?auto=format&fit=crop&w=2000&q=80,"https://images.unsplash.com/photo-1583939003579-730e3918a45a?auto=format&fit=crop&w=900&q=75
https://images.unsplash.com/photo-1465495976277-4387d4b0b4c6?auto=format&fit=crop&w=900&q=75
https://images.unsplash.com/photo-1511795409834-ef04bbd61622?auto=format&fit=crop&w=900&q=75
https://images.unsplash.com/photo-1519671482749-fd09be7ccebf?auto=format&fit=crop&w=900&q=75
https://images.unsplash.com/photo-1522673607200-164d1b6ce486?auto=format&fit=crop&w=900&q=75
https://images.unsplash.com/photo-1606216794074-735e91aa2c92?auto=format&fit=crop&w=900&q=75","¿Puedo llevar niños? | Los niños son bienvenidos. Al confirmar, cuéntanos cuántos van y sus edades para considerarlos en el menú infantil.
¿Hay estacionamiento en la viña? | Sí, hay estacionamiento gratuito para todos los invitados dentro del recinto.
¿Puedo llevar acompañante? | Las invitaciones indican cuántos cupos incluye. Si tienes dudas, escríbenos por WhatsApp y lo revisamos contigo.
¿Hasta cuándo puedo confirmar? | Hasta el 20 de noviembre. Después de esa fecha cerramos el número con el catering y ya no podemos agregar personas.
¿Qué pasa si llueve? | La viña tiene un salón techado para la cena y la fiesta. Solo la ceremonia y el cóctel son al aire libre, y hay un plan B bajo techo.",#8C6A3F
martina-40,cumpleanos,Los 40 de Martina,Martina,2026-11-07,21:00,2026-10-25,Terraza Bellavista,"Constitución 172, Providencia, Santiago",,,,+56 9 0000 0000,,,"21:00 | Llegada (Martina llega 21:30, es sorpresa)
22:00 | Cena
23:30 | Música en vivo",,,,,,"¿Es sorpresa? | Sí. Llega antes de las 21:30 y no publiques nada hasta que ella llegue.
¿Puedo llevar acompañante? | Sí, avísanos al confirmar.",#B0407A
